name,categoryName,categories,phone,website,address,city,state,postalCode,notes
Comfort Squad Heating & Cooling,HVAC contractor,"HVAC contractor, Air conditioning contractor, Air conditioning repair service, Air duct cleaning service, Furnace repair service, Heating contractor, Mechanical contractor",(281) 994-9500,https://www.comfortsquadair.com/,"12425 W Airport Blvd #207, Sugar Land, TX 77478",Sugar Land,Texas,77478,
Taurus Mechanical Inc,HVAC contractor,HVAC contractor,(832) 731-5256,https://taurushvac.com/,"6803 Hearthglen Ln, Sugar Land, TX 77479",Sugar Land,Texas,77479,
Reliable HVAC,HVAC contractor,HVAC contractor,(832) 781-7283,https://reliable-hvac.com/,"3311 Hillstone Dr, Sugar Land, TX 77479",Sugar Land,Texas,77479,
"Abacus Plumbing, Air Conditioning & Electrical",Plumber,"Plumber, Air conditioning contractor, Air conditioning repair service, Air duct cleaning service, Drainage service, Electrician, Heating contractor, HVAC contractor, Water purification company, Water softening equipment supplier",(281) 215-3046,https://www.abacusplumbing.net/sugar-land/?utm_campaign=gmb_ab-hou_home_everyone_gmb-sugar-land-tx&utm_medium=gmb&utm_source=google,"104 Industrial Blvd, Sugar Land, TX 77478",Sugar Land,Texas,77478,
Kae Edward Plumbing,Plumber,"Plumber, Drainage service",(281) 633-6862,https://kaeedwardplumbing.com/,"14090 Southwest Fwy #300, Sugar Land, TX 77478",Sugar Land,Texas,77478,
GEI Plumbing Services Sugar Land,Plumber,Plumber,(281) 559-6903,https://www.geiplumbingservices.com/service/plumber-in-suger-land/,"14090 Southwest Fwy suite 300 811, Sugar Land, TX 77478",Sugar Land,Texas,77478,
S & B Plumbing,Plumber,Plumber,(713) 360-0064,https://www.sandbplumbing.com/,"12806 E Bournewood Dr, Sugar Land, TX 77478",Sugar Land,Texas,77478,
Martin Mechanical,HVAC contractor,HVAC contractor,(281) 937-7415,http://martinmechanicaltx.com/,"1723E Eldridge Rd, Sugar Land, TX 77478",Sugar Land,Texas,77478,
Sun Air Conditioning & Heating,HVAC contractor,"HVAC contractor, Air conditioning contractor, Air conditioning repair service, Air duct cleaning service, Heating contractor, Heating equipment supplier",(281) 262-1110,https://www.sunairconditioning.com/?utm_campaign=gmb,"2245 Texas Dr #300, Sugar Land, TX 77479",Sugar Land,Texas,77479,women-owned local company
Apple Plumbing LLC,Plumber,Plumber,(281) 277-6765,https://www.appleplumbingtx.com/,"15302 Dora Ln, Sugar Land, TX 77498",Sugar Land,Texas,77498,
